{"(0, 0, 0)": [-0.27890496417357763, 0.0060609471188358185], "(10, 0, 0)": [-0.27782453611671654, 0.32299436974743845], "(4, 0, 0)": [-0.2679258421775484, -0.24859889605949487], "(5, 0, 0)": [-0.6182017026757711, -0.1547235660911308], "(20, 0, -1)": [0.5952465777035326, -0.5001469042536779], "(6, 0, 0)": [-0.39905643758115494, -0.3967773483898236], "(9, 0, 1)": [-0.35044486650100004, 0.01637592076558616], "(15, 0, 0)": [-0.6886498952905221, -0.32639205348647005], "(18, 0, 0)": [-0.10591218354983058, -0.5869499148030652], "(2, 0, 0)": [-0.4102402527435641, -0.16905746339942918], "(3, 0, 0)": [-0.587876845082789, -0.30566735664113326], "(14, 0, 0)": [-0.48943473229375845, -0.660515190985464], "(11, 0, 0)": [-0.516328461827576, 0.09409873805998932], "(16, 0, 0)": [-0.7121102504128292, -0.5299684207802636], "(12, 0, 0)": [-0.6949508950840626, -0.32525057625982606], "(10, 0, 1)": [-0.44937397990000005, 0.19300601128370995], "(8, 0, 0)": [-0.6823264466370546, -0.1653078839784784], "(13, 0, 0)": [-0.5681426324983339, -0.6916374676442272], "(21, 0, -1)": [0.9922114210983979, -0.05446882494961371], "(7, 0, 0)": [-0.7683963512948285, -0.20804325159016668], "(9, 0, 0)": [-0.459932600889457, -0.07919572318027698], "(19, 0, 0)": [0.2363365687710025, -0.7052932767927702], "(17, 0, 0)": [-0.40838970945531833, -0.667081484959171], "(7, 0, 1)": [-0.4942863657190001, -0.047385244572238666], "(6, 0, 1)": [-0.42373279, -0.17405149278660187], "(8, 0, 1)": [-0.24571051706036623, -0.08866407932975665], "(17, 0, 1)": [-0.6353701169324174, -0.7049304178749164], "(19, 0, 1)": [0.38662018043623514, -0.34390000000000004], "(21, 0, 0)": [0.9405760481118941, -0.21371386347082844], "(20, 0, 0)": [0.5853254767809317, -0.5205740715966378], "(14, 0, 1)": [-0.3532235599, -0.46397009021099783], "(20, 0, 1)": [0.6946071652257055, -0.12133911582752162], "(5, 0, 1)": [-0.45143479000000003, -0.1482919681068018], "(21, 0, 1)": [0.8849354909704409, -0.271], "(18, 0, 1)": [-0.02576505604893188, -0.49092588274662996], "(12, 0, 1)": [-0.2187663996417055, -0.39052583574112226], "(12, 0, -1)": [-0.271, 0.07584472528010712], "(16, 0, 1)": [-0.06476362175177607, -0.5233941954533454], "(13, 0, 1)": [-0.08621916867276427, -0.46758359902668245], "(15, 0, 1)": [-0.2992965708434317, -0.6244656882369966], "(4, 0, 1)": [-0.22178521, -0.14969365395107878], "(11, 0, 1)": [-0.5217031000000001, 0.12671521858885643], "(18, 0, -1)": [0.002710000000000004, -0.19], "(15, 0, -1)": [0.271, -0.0035243973296188724], "(13, 0, -1)": [-0.091, 0.0], "(19, 0, -1)": [0.13202459, -0.1], "(16, 0, -1)": [-0.1, 0.0], "(14, 0, -1)": [-0.19, -0.17040565342988656]}